title,url,description,name,profession,summary,outreach_message
"Siji S. - HR Manager, Aceis Services, Pune | LinkedIn",https://in.linkedin.com/in/siji-s-986b85179,🚨 We're Hiring | Informatica MDM Consultant 🚨 Aceis Services is on the lookout for an experienced Informatica MDM Consultant to join our growing…,,,"{""name"": ""Siji S."", ""profession"": ""HR Manager"", ""summary"": ""We're Hiring | Informatica MDM Consultant "", ""outreach_message"": ""Hi Siji, impressive work on implementing data management solutions. Your expertise in HR would be valuable to our team. I'd love to connect and discuss how LinkedIn can help your professional growth. Let's get started!""}",
Aditi Andhale - Software Engineer - GS Lab | LinkedIn,https://www.linkedin.com/in/aditi-andhale-84a7a620b,Immediate Joiner | React | HTML | CSS | Javascript | Software Engineer at GS Lab · Experience: GS Lab · Education: Savitribai Phule Pune University · Location: Pune · 384 connections on...,,,"{
  ""name"": ""Aditi Andhale"",
  ""profession"": ""Software Engineer"",
  ""summary"": ""Immediate Joiner with expertise in React, HTML, CSS, Javascript"",
  ""outreach_message"": ""Hi Aditi, I saw your work as a Software Engineer at GS Lab and was impressed. With a free LinkedIn growth roadmap, you can increase your online presence and connect with more professionals like yourself.""
}",
pradyumna ingle - Software Test Engineer & HR at Intellect Logic ...,https://in.linkedin.com/in/pradyumna-ingle-06400465,Software Test Engineer & HR at Intellect Logic software pvt ltd · Experience: Intellect Logic software pvt ltd · Location: Pune · 10 connections on LinkedIn.,,,"{
  ""name"": ""pradyumna ingle"",
  ""profession"": ""Software Test Engineer & HR"",
  ""summary"": ""Software Test Engineer & HR at Intellect Logic software pvt ltd, Experience at Intellect Logic software pvt ltd"",
  ""outreach_message"": ""Hi Pradyumna, great work in Software Test Engineering! I'd love to help you grow your LinkedIn presence with a personalized roadmap. Are you interested in learning how to increase your online visibility and reach your professional goals? Let's connect and explore ways to boost your career!""",
Niranjan Aradhye - HR professional in the IT industry.,https://in.linkedin.com/in/niranjan-aradhye-298a985,"Specialities: Recruitment, operations, training, administration · Experience: Kanaka Software · Location: Pune · 500+ connections on LinkedIn. View …",,,"{
  ""name"": ""Niranjan Aradhye"",
  ""profession"": ""HR professional in the IT industry"",
  ""summary"": ""Specialities: Recruitment, operations, training, administration"",
  ""outreach_message"": ""Hi Niranjan, I came across your profile and was impressed by your experience in recruitment. As a growing HR professional yourself, you might be interested in our free LinkedIn growth roadmap that can help take your connections to 1000+ in no time. It includes personalized coaching, actionable tips, and a community of like-minded professionals who share similar goals. Let's connect and explore ways to boost each other's online presence."",
}",
NIRMALA BARETH - Connecting Talent with the Right,https://in.linkedin.com/in/nirmala-bareth,Connecting Talent with the Right Opportunity II Hiring Principal Software Engineer (.Net) · I am a Performance driven Professional with 14+ years of continuous advancement and expertise in...,,,"{
  ""name"": ""NIRMALA BARETH"",
  ""profession"": ""Hiring Principal Software Engineer (.Net)"",
  ""summary"": ""Connecting Talent with the Right Opportunity II Hiring Principal Software Engineer (.Net) I am a Performance driven Professional with 14+ years of continuous advancement and expertise in..."",
  ""outreach_message"": ""Hi Nirmala, great work in connecting talent with tech opportunities. As a software engineer myself, I'd love to help you scale your network.\nI've created a free LinkedIn growth roadmap to help professionals like you expand their reach and increase visibility.\nWould you be open to exploring some strategies that could help drive results? Let's connect and discuss further!""",
